-- =============================================
-- เพิ่มกิจกรรม 20 รายการ (ปี 2568 x10, ปี 2569 x10)
-- พร้อมลงทะเบียน + เช็คอิน สุ่มกระจาย
-- =============================================

USE activity_system;

-- =============================================
-- ปีการศึกษา 2568 (10 กิจกรรม)
-- =============================================
INSERT INTO activity (Activity_ID, Activity_Name, Activity_Details, Academic_Year, Activity_Type_ID, Activity_Date, Activity_Time, Activity_Location, Maximum_Capacity, Deadline, Activity_Status, Dean_ID, Activity_Head_ID) VALUES
('ACT-2568-01', 'จิตอาสาปลูกป่าชายเลน', 'กิจกรรมปลูกป่าชายเลนเพื่ออนุรักษ์สิ่งแวดล้อมชายฝั่งทะเล ร่วมกับชุมชนท้องถิ่น', 2568, 'Activity_Type_01', '2025-06-15', '08:00:00', 'ป่าชายเลนบางปู จ.สมุทรปราการ', 50, '2025-06-14 23:59:00', 'approved', 'dean001', 'head001'),
('ACT-2568-02', 'อบรมการเขียนแผนธุรกิจ Startup', 'เวิร์คชอปเขียนแผนธุรกิจสำหรับนักศึกษาที่สนใจเป็นผู้ประกอบการ โดยวิทยากรจาก NIA', 2568, 'Activity_Type_02', '2025-07-20', '09:00:00', 'ห้องประชุม 301 อาคาร 9', 40, '2025-07-19 23:59:00', 'approved', 'dean001', 'head002'),
('ACT-2568-03', 'แข่งขันฟุตซอลต้านยาเสพติด', 'การแข่งขันฟุตซอลระหว่างสาขาวิชา เพื่อสร้างความสามัคคีและห่างไกลยาเสพติด', 2568, 'Activity_Type_03', '2025-08-10', '13:00:00', 'สนามกีฬาในร่ม อาคาร 6', 60, '2025-08-09 23:59:00', 'approved', 'dean001', 'head002'),
('ACT-2568-04', 'สืบสานประเพณีลอยกระทง', 'ร่วมสืบสานประเพณีไทย ประดิษฐ์กระทงจากวัสดุธรรมชาติ พร้อมการแสดงศิลปวัฒนธรรม', 2568, 'Activity_Type_04', '2025-11-05', '16:00:00', 'ลานกิจกรรม อาคาร 1', 80, '2025-11-04 23:59:00', 'approved', 'dean001', 'head003'),
('ACT-2568-05', 'ค่ายคุณธรรมจริยธรรม', 'ค่ายพัฒนาคุณธรรมจริยธรรมนักศึกษาใหม่ เสริมสร้างจิตสำนึกที่ดี ฝึกสมาธิและการอยู่ร่วมกัน', 2568, 'Activity_Type_05', '2025-06-28', '07:00:00', 'วัดปัญญานันทาราม จ.ปทุมธานี', 45, '2025-06-27 23:59:00', 'approved', 'dean001', 'head001'),
('ACT-2568-06', 'บริจาคโลหิต ครั้งที่ 1/2568', 'กิจกรรมบริจาคโลหิตร่วมกับสภากาชาดไทย ช่วยเหลือผู้ป่วยที่ต้องการเลือด', 2568, 'Activity_Type_01', '2025-09-12', '09:00:00', 'ห้องประชุมใหญ่ ชั้น 2 อาคาร 4', 100, '2025-09-11 23:59:00', 'approved', 'dean001', 'head003'),
('ACT-2568-07', 'สัมมนาเตรียมความพร้อมสู่สหกิจศึกษา', 'สัมมนาแนะนำการฝึกสหกิจศึกษา การเขียน Resume และเทคนิคสัมภาษณ์งาน', 2568, 'Activity_Type_02', '2025-10-18', '09:00:00', 'หอประชุมมงคลอาภา', 70, '2025-10-17 23:59:00', 'approved', 'dean001', 'head001'),
('ACT-2568-08', 'แข่งขันบาสเกตบอลเชื่อมสัมพันธ์', 'การแข่งขันบาสเกตบอลระหว่างชั้นปี สร้างมิตรภาพและพัฒนาทักษะกีฬา', 2568, 'Activity_Type_03', '2025-08-25', '14:00:00', 'สนามบาสเกตบอล อาคาร 6', 30, '2025-08-24 23:59:00', 'pending', 'dean001', 'head002'),
('ACT-2568-09', 'วันไหว้ครู ปีการศึกษา 2568', 'พิธีไหว้ครูเพื่อแสดงความเคารพและความกตัญญูต่อคณาจารย์', 2568, 'Activity_Type_04', '2025-07-03', '08:30:00', 'หอประชุมมงคลอาภา', 200, '2025-07-02 23:59:00', 'approved', 'dean001', 'head003'),
('ACT-2568-10', 'Big Cleaning Day ทำความสะอาดมหาลัย', 'กิจกรรมทำความสะอาดครั้งใหญ่ทั่วมหาวิทยาลัย เสริมสร้างจิตสาธารณะ', 2568, 'Activity_Type_01', '2025-12-20', '08:00:00', 'บริเวณทั่วมหาวิทยาลัย', 50, '2025-12-19 23:59:00', 'rejected', 'dean001', 'head001');

-- =============================================
-- ปีการศึกษา 2569 (10 กิจกรรม)
-- =============================================
INSERT INTO activity (Activity_ID, Activity_Name, Activity_Details, Academic_Year, Activity_Type_ID, Activity_Date, Activity_Time, Activity_Location, Maximum_Capacity, Deadline, Activity_Status, Dean_ID, Activity_Head_ID) VALUES
('ACT-2569-01', 'ปลูกต้นไม้ 1,000 ต้น', 'โครงการปลูกต้นไม้เพิ่มพื้นที่สีเขียวให้กับมหาวิทยาลัย ร่วมกับกรมป่าไม้', 2569, 'Activity_Type_01', '2026-06-20', '07:30:00', 'สวนป่าในเมือง มทร.พระนคร', 60, '2026-06-19 23:59:00', 'approved', 'dean001', 'head001'),
('ACT-2569-02', 'อบรม AI สำหรับธุรกิจยุคใหม่', 'เวิร์คชอปการใช้ AI เพื่อพัฒนาธุรกิจ รวมถึง ChatGPT, Midjourney สำหรับการตลาด', 2569, 'Activity_Type_02', '2026-07-15', '09:00:00', 'ห้อง Lab คอมพิวเตอร์ ชั้น 5 อาคาร 9', 35, '2026-07-14 23:59:00', 'approved', 'dean001', 'head002'),
('ACT-2569-03', 'วิ่งมินิมาราธอน BUS Run 2569', 'วิ่งมินิมาราธอนการกุศล ระยะ 5 กม. และ 10 กม. รายได้มอบทุนการศึกษา', 2569, 'Activity_Type_03', '2026-08-17', '05:30:00', 'สนามกีฬา มทร.พระนคร', 100, '2026-08-16 23:59:00', 'approved', 'dean001', 'head002'),
('ACT-2569-04', 'สงกรานต์สืบสานวัฒนธรรมไทย', 'รดน้ำดำหัวอาจารย์ สรงน้ำพระ และการละเล่นไทยโบราณ ส่งเสริมวัฒนธรรมไทย', 2569, 'Activity_Type_04', '2026-04-10', '09:00:00', 'ลานกิจกรรม อาคาร 1', 90, '2026-04-09 23:59:00', 'approved', 'dean001', 'head003'),
('ACT-2569-05', 'เข้าวัดทำบุญตักบาตร', 'กิจกรรมทำบุญตักบาตรเช้า ฟังธรรม และปฏิบัติธรรม เสริมสร้างสติและสมาธิ', 2569, 'Activity_Type_05', '2026-05-08', '06:30:00', 'วัดเทวราชกุญชร กรุงเทพฯ', 40, '2026-05-07 23:59:00', 'approved', 'dean001', 'head001'),
('ACT-2569-06', 'อาสาสอนน้องในชุมชน', 'อาสาสมัครสอนหนังสือเด็กในชุมชนใกล้เคียง วิชาคณิต อังกฤษ และคอมพิวเตอร์', 2569, 'Activity_Type_01', '2026-09-05', '09:00:00', 'ศูนย์ชุมชนเทเวศร์', 25, '2026-09-04 23:59:00', 'approved', 'dean001', 'head003'),
('ACT-2569-07', 'อบรม Excel & Power BI สำหรับงานบัญชี', 'เรียนรู้ทักษะ Excel ขั้นสูงและ Power BI เพื่อการวิเคราะห์ข้อมูลทางธุรกิจ', 2569, 'Activity_Type_02', '2026-10-22', '09:00:00', 'ห้อง Lab คอมพิวเตอร์ ชั้น 3 อาคาร 9', 35, '2026-10-21 23:59:00', 'pending', 'dean001', 'head001'),
('ACT-2569-08', 'แข่งขัน E-Sport มหาวิทยาลัย', 'การแข่งขัน E-Sport ระดับคณะ เกม Valorant และ ROV ชิงเงินรางวัล', 2569, 'Activity_Type_03', '2026-11-15', '12:00:00', 'ห้อง Lab คอมพิวเตอร์ ชั้น 5 อาคาร 9', 48, '2026-11-14 23:59:00', 'pending', 'dean001', 'head002'),
('ACT-2569-09', 'ถวายเทียนพรรษา', 'กิจกรรมถวายเทียนพรรษา ณ วัดใกล้มหาวิทยาลัย เนื่องในวันเข้าพรรษา', 2569, 'Activity_Type_04', '2026-07-10', '07:00:00', 'วัดเทวราชกุญชร กรุงเทพฯ', 55, '2026-07-09 23:59:00', 'approved', 'dean001', 'head003'),
('ACT-2569-10', 'บริจาคโลหิต ครั้งที่ 1/2569', 'กิจกรรมบริจาคโลหิตร่วมกับสภากาชาดไทย ครั้งที่ 1 ประจำปีการศึกษา 2569', 2569, 'Activity_Type_05', '2026-12-05', '09:00:00', 'ห้องประชุมใหญ่ ชั้น 2 อาคาร 4', 80, '2026-12-04 23:59:00', 'rejected', 'dean001', 'head001');

-- =============================================
-- การลงทะเบียน (Registrations)
-- สุ่มกระจายนักศึกษา 2-6 คนต่อกิจกรรม
-- =============================================

-- ACT-2568-01 จิตอาสาปลูกป่าชายเลน (5 คน)
INSERT INTO registration (Student_ID, Activity_ID, Registration_Date) VALUES
('076760305034-9', 'ACT-2568-01', '2025-06-10 09:15:00'),
('076760305001-8', 'ACT-2568-01', '2025-06-10 10:22:00'),
('076760305040-6', 'ACT-2568-01', '2025-06-11 08:30:00'),
('076760305012-5', 'ACT-2568-01', '2025-06-12 14:05:00'),
('076760305018-2', 'ACT-2568-01', '2025-06-13 11:40:00');

-- ACT-2568-02 อบรมการเขียนแผนธุรกิจ Startup (4 คน)
INSERT INTO registration (Student_ID, Activity_ID, Registration_Date) VALUES
('076760305034-9', 'ACT-2568-02', '2025-07-12 08:00:00'),
('076760305001-8', 'ACT-2568-02', '2025-07-13 09:45:00'),
('076760305011-7', 'ACT-2568-02', '2025-07-15 16:20:00'),
('076760305018-2', 'ACT-2568-02', '2025-07-16 13:10:00');

-- ACT-2568-03 แข่งขันฟุตซอลต้านยาเสพติด (6 คน - ทุกคน)
INSERT INTO registration (Student_ID, Activity_ID, Registration_Date) VALUES
('076760305034-9', 'ACT-2568-03', '2025-08-01 07:55:00'),
('076760305001-8', 'ACT-2568-03', '2025-08-02 10:10:00'),
('076760305040-6', 'ACT-2568-03', '2025-08-03 12:30:00'),
('076760305012-5', 'ACT-2568-03', '2025-08-04 09:00:00'),
('076760305011-7', 'ACT-2568-03', '2025-08-05 15:45:00'),
('076760305018-2', 'ACT-2568-03', '2025-08-06 08:20:00');

-- ACT-2568-04 สืบสานประเพณีลอยกระทง (5 คน)
INSERT INTO registration (Student_ID, Activity_ID, Registration_Date) VALUES
('076760305034-9', 'ACT-2568-04', '2025-10-28 09:00:00'),
('076760305040-6', 'ACT-2568-04', '2025-10-29 11:15:00'),
('076760305012-5', 'ACT-2568-04', '2025-10-30 14:30:00'),
('076760305011-7', 'ACT-2568-04', '2025-10-31 16:00:00'),
('076760305018-2', 'ACT-2568-04', '2025-11-01 08:45:00');

-- ACT-2568-05 ค่ายคุณธรรมจริยธรรม (3 คน)
INSERT INTO registration (Student_ID, Activity_ID, Registration_Date) VALUES
('076760305001-8', 'ACT-2568-05', '2025-06-20 10:00:00'),
('076760305040-6', 'ACT-2568-05', '2025-06-22 13:25:00'),
('076760305012-5', 'ACT-2568-05', '2025-06-24 09:10:00');

-- ACT-2568-06 บริจาคโลหิต ครั้งที่ 1/2568 (6 คน - ทุกคน)
INSERT INTO registration (Student_ID, Activity_ID, Registration_Date) VALUES
('076760305034-9', 'ACT-2568-06', '2025-09-01 08:30:00'),
('076760305001-8', 'ACT-2568-06', '2025-09-02 10:45:00'),
('076760305040-6', 'ACT-2568-06', '2025-09-03 07:55:00'),
('076760305012-5', 'ACT-2568-06', '2025-09-05 14:10:00'),
('076760305011-7', 'ACT-2568-06', '2025-09-06 11:30:00'),
('076760305018-2', 'ACT-2568-06', '2025-09-08 09:00:00');

-- ACT-2568-07 สัมมนาเตรียมความพร้อมสู่สหกิจศึกษา (4 คน)
INSERT INTO registration (Student_ID, Activity_ID, Registration_Date) VALUES
('076760305034-9', 'ACT-2568-07', '2025-10-10 08:15:00'),
('076760305001-8', 'ACT-2568-07', '2025-10-11 09:30:00'),
('076760305040-6', 'ACT-2568-07', '2025-10-13 15:00:00'),
('076760305011-7', 'ACT-2568-07', '2025-10-14 12:20:00');

-- ACT-2568-08 แข่งขันบาสเกตบอลเชื่อมสัมพันธ์ (3 คน)
INSERT INTO registration (Student_ID, Activity_ID, Registration_Date) VALUES
('076760305034-9', 'ACT-2568-08', '2025-08-18 08:00:00'),
('076760305012-5', 'ACT-2568-08', '2025-08-19 10:10:00'),
('076760305018-2', 'ACT-2568-08', '2025-08-20 14:30:00');

-- ACT-2568-09 วันไหว้ครู (6 คน - ทุกคน)
INSERT INTO registration (Student_ID, Activity_ID, Registration_Date) VALUES
('076760305034-9', 'ACT-2568-09', '2025-06-25 07:30:00'),
('076760305001-8', 'ACT-2568-09', '2025-06-25 08:00:00'),
('076760305040-6', 'ACT-2568-09', '2025-06-26 09:15:00'),
('076760305012-5', 'ACT-2568-09', '2025-06-27 10:30:00'),
('076760305011-7', 'ACT-2568-09', '2025-06-28 11:00:00'),
('076760305018-2', 'ACT-2568-09', '2025-06-29 13:45:00');

-- ACT-2568-10 Big Cleaning Day (2 คน)
INSERT INTO registration (Student_ID, Activity_ID, Registration_Date) VALUES
('076760305040-6', 'ACT-2568-10', '2025-12-15 08:00:00'),
('076760305011-7', 'ACT-2568-10', '2025-12-16 09:30:00');

-- ACT-2569-01 ปลูกต้นไม้ 1,000 ต้น (5 คน)
INSERT INTO registration (Student_ID, Activity_ID, Registration_Date) VALUES
('076760305034-9', 'ACT-2569-01', '2026-06-12 08:30:00'),
('076760305001-8', 'ACT-2569-01', '2026-06-13 10:15:00'),
('076760305040-6', 'ACT-2569-01', '2026-06-14 09:00:00'),
('076760305011-7', 'ACT-2569-01', '2026-06-15 11:45:00'),
('076760305018-2', 'ACT-2569-01', '2026-06-16 14:20:00');

-- ACT-2569-02 อบรม AI สำหรับธุรกิจยุคใหม่ (6 คน - ทุกคน)
INSERT INTO registration (Student_ID, Activity_ID, Registration_Date) VALUES
('076760305034-9', 'ACT-2569-02', '2026-07-05 07:50:00'),
('076760305001-8', 'ACT-2569-02', '2026-07-06 08:30:00'),
('076760305040-6', 'ACT-2569-02', '2026-07-07 10:00:00'),
('076760305012-5', 'ACT-2569-02', '2026-07-08 13:15:00'),
('076760305011-7', 'ACT-2569-02', '2026-07-09 09:45:00'),
('076760305018-2', 'ACT-2569-02', '2026-07-10 16:00:00');

-- ACT-2569-03 วิ่งมินิมาราธอน BUS Run 2569 (4 คน)
INSERT INTO registration (Student_ID, Activity_ID, Registration_Date) VALUES
('076760305034-9', 'ACT-2569-03', '2026-08-05 06:00:00'),
('076760305001-8', 'ACT-2569-03', '2026-08-06 07:15:00'),
('076760305012-5', 'ACT-2569-03', '2026-08-10 08:30:00'),
('076760305018-2', 'ACT-2569-03', '2026-08-12 09:00:00');

-- ACT-2569-04 สงกรานต์สืบสานวัฒนธรรมไทย (6 คน - ทุกคน)
INSERT INTO registration (Student_ID, Activity_ID, Registration_Date) VALUES
('076760305034-9', 'ACT-2569-04', '2026-04-01 08:15:00'),
('076760305001-8', 'ACT-2569-04', '2026-04-02 09:30:00'),
('076760305040-6', 'ACT-2569-04', '2026-04-03 11:00:00'),
('076760305012-5', 'ACT-2569-04', '2026-04-04 14:20:00'),
('076760305011-7', 'ACT-2569-04', '2026-04-05 10:45:00'),
('076760305018-2', 'ACT-2569-04', '2026-04-06 08:00:00');

-- ACT-2569-05 เข้าวัดทำบุญตักบาตร (3 คน)
INSERT INTO registration (Student_ID, Activity_ID, Registration_Date) VALUES
('076760305001-8', 'ACT-2569-05', '2026-05-01 06:00:00'),
('076760305012-5', 'ACT-2569-05', '2026-05-02 06:30:00'),
('076760305018-2', 'ACT-2569-05', '2026-05-03 07:00:00');

-- ACT-2569-06 อาสาสอนน้องในชุมชน (4 คน)
INSERT INTO registration (Student_ID, Activity_ID, Registration_Date) VALUES
('076760305034-9', 'ACT-2569-06', '2026-08-28 09:00:00'),
('076760305040-6', 'ACT-2569-06', '2026-08-29 10:15:00'),
('076760305011-7', 'ACT-2569-06', '2026-08-30 08:45:00'),
('076760305018-2', 'ACT-2569-06', '2026-09-01 13:00:00');

-- ACT-2569-07 อบรม Excel & Power BI (5 คน)
INSERT INTO registration (Student_ID, Activity_ID, Registration_Date) VALUES
('076760305034-9', 'ACT-2569-07', '2026-10-12 08:00:00'),
('076760305001-8', 'ACT-2569-07', '2026-10-13 09:30:00'),
('076760305040-6', 'ACT-2569-07', '2026-10-14 11:00:00'),
('076760305012-5', 'ACT-2569-07', '2026-10-15 14:00:00'),
('076760305011-7', 'ACT-2569-07', '2026-10-16 10:20:00');

-- ACT-2569-08 แข่งขัน E-Sport มหาวิทยาลัย (5 คน)
INSERT INTO registration (Student_ID, Activity_ID, Registration_Date) VALUES
('076760305034-9', 'ACT-2569-08', '2026-11-01 12:00:00'),
('076760305001-8', 'ACT-2569-08', '2026-11-02 13:30:00'),
('076760305040-6', 'ACT-2569-08', '2026-11-03 14:00:00'),
('076760305012-5', 'ACT-2569-08', '2026-11-05 15:15:00'),
('076760305018-2', 'ACT-2569-08', '2026-11-06 10:00:00');

-- ACT-2569-09 ถวายเทียนพรรษา (4 คน)
INSERT INTO registration (Student_ID, Activity_ID, Registration_Date) VALUES
('076760305034-9', 'ACT-2569-09', '2026-07-01 07:00:00'),
('076760305040-6', 'ACT-2569-09', '2026-07-02 08:15:00'),
('076760305012-5', 'ACT-2569-09', '2026-07-03 09:30:00'),
('076760305011-7', 'ACT-2569-09', '2026-07-05 06:45:00');

-- ACT-2569-10 บริจาคโลหิต ครั้งที่ 1/2569 (3 คน)
INSERT INTO registration (Student_ID, Activity_ID, Registration_Date) VALUES
('076760305001-8', 'ACT-2569-10', '2026-11-25 08:00:00'),
('076760305012-5', 'ACT-2569-10', '2026-11-27 10:30:00'),
('076760305018-2', 'ACT-2569-10', '2026-11-28 09:15:00');

-- =============================================
-- เช็คอิน (Check-ins) 
-- สุ่มประมาณ 60-80% ของผู้ลงทะเบียนแต่ละกิจกรรม
-- =============================================

-- ACT-2568-01 จิตอาสาปลูกป่าชายเลน (4/5 เช็คอิน)
INSERT INTO check_in (Student_ID, Activity_ID, Club_ID, CheckIn_Time) VALUES
('076760305034-9', 'ACT-2568-01', 'club001', '2025-06-15 08:05:00'),
('076760305001-8', 'ACT-2568-01', 'club001', '2025-06-15 08:12:00'),
('076760305040-6', 'ACT-2568-01', 'club001', '2025-06-15 08:20:00'),
('076760305018-2', 'ACT-2568-01', 'club001', '2025-06-15 08:35:00');

-- ACT-2568-02 อบรมการเขียนแผนธุรกิจ (3/4 เช็คอิน)
INSERT INTO check_in (Student_ID, Activity_ID, Club_ID, CheckIn_Time) VALUES
('076760305034-9', 'ACT-2568-02', 'club002', '2025-07-20 08:55:00'),
('076760305001-8', 'ACT-2568-02', 'club002', '2025-07-20 09:02:00'),
('076760305018-2', 'ACT-2568-02', 'club002', '2025-07-20 09:10:00');

-- ACT-2568-03 แข่งขันฟุตซอล (5/6 เช็คอิน)
INSERT INTO check_in (Student_ID, Activity_ID, Club_ID, CheckIn_Time) VALUES
('076760305034-9', 'ACT-2568-03', 'club003', '2025-08-10 12:50:00'),
('076760305001-8', 'ACT-2568-03', 'club003', '2025-08-10 12:55:00'),
('076760305040-6', 'ACT-2568-03', 'club003', '2025-08-10 13:00:00'),
('076760305012-5', 'ACT-2568-03', 'club003', '2025-08-10 13:05:00'),
('076760305018-2', 'ACT-2568-03', 'club003', '2025-08-10 13:15:00');

-- ACT-2568-04 สืบสานประเพณีลอยกระทง (3/5 เช็คอิน)
INSERT INTO check_in (Student_ID, Activity_ID, Club_ID, CheckIn_Time) VALUES
('076760305034-9', 'ACT-2568-04', 'club004', '2025-11-05 15:55:00'),
('076760305040-6', 'ACT-2568-04', 'club004', '2025-11-05 16:00:00'),
('076760305018-2', 'ACT-2568-04', 'club004', '2025-11-05 16:10:00');

-- ACT-2568-05 ค่ายคุณธรรม (2/3 เช็คอิน)
INSERT INTO check_in (Student_ID, Activity_ID, Club_ID, CheckIn_Time) VALUES
('076760305001-8', 'ACT-2568-05', 'club001', '2025-06-28 07:05:00'),
('076760305040-6', 'ACT-2568-05', 'club001', '2025-06-28 07:10:00');

-- ACT-2568-06 บริจาคโลหิต 1/2568 (5/6 เช็คอิน)
INSERT INTO check_in (Student_ID, Activity_ID, Club_ID, CheckIn_Time) VALUES
('076760305034-9', 'ACT-2568-06', 'club002', '2025-09-12 09:00:00'),
('076760305001-8', 'ACT-2568-06', 'club002', '2025-09-12 09:10:00'),
('076760305040-6', 'ACT-2568-06', 'club002', '2025-09-12 09:20:00'),
('076760305012-5', 'ACT-2568-06', 'club002', '2025-09-12 09:35:00'),
('076760305018-2', 'ACT-2568-06', 'club002', '2025-09-12 09:50:00');

-- ACT-2568-07 สัมมนาสหกิจศึกษา (3/4 เช็คอิน)
INSERT INTO check_in (Student_ID, Activity_ID, Club_ID, CheckIn_Time) VALUES
('076760305034-9', 'ACT-2568-07', 'club003', '2025-10-18 08:50:00'),
('076760305001-8', 'ACT-2568-07', 'club003', '2025-10-18 09:00:00'),
('076760305040-6', 'ACT-2568-07', 'club003', '2025-10-18 09:05:00');

-- ACT-2568-08 แข่งขันบาสเกตบอล (2/3 เช็คอิน)
INSERT INTO check_in (Student_ID, Activity_ID, Club_ID, CheckIn_Time) VALUES
('076760305034-9', 'ACT-2568-08', 'club004', '2025-08-25 13:50:00'),
('076760305018-2', 'ACT-2568-08', 'club004', '2025-08-25 13:55:00');

-- ACT-2568-09 วันไหว้ครู (5/6 เช็คอิน)
INSERT INTO check_in (Student_ID, Activity_ID, Club_ID, CheckIn_Time) VALUES
('076760305034-9', 'ACT-2568-09', 'club001', '2025-07-03 08:25:00'),
('076760305001-8', 'ACT-2568-09', 'club001', '2025-07-03 08:28:00'),
('076760305040-6', 'ACT-2568-09', 'club001', '2025-07-03 08:30:00'),
('076760305012-5', 'ACT-2568-09', 'club001', '2025-07-03 08:32:00'),
('076760305011-7', 'ACT-2568-09', 'club001', '2025-07-03 08:40:00');

-- ACT-2568-10 Big Cleaning Day (1/2 เช็คอิน)
INSERT INTO check_in (Student_ID, Activity_ID, Club_ID, CheckIn_Time) VALUES
('076760305040-6', 'ACT-2568-10', 'club002', '2025-12-20 08:05:00');

-- ACT-2569-01 ปลูกต้นไม้ 1,000 ต้น (4/5 เช็คอิน)
INSERT INTO check_in (Student_ID, Activity_ID, Club_ID, CheckIn_Time) VALUES
('076760305034-9', 'ACT-2569-01', 'club003', '2026-06-20 07:30:00'),
('076760305001-8', 'ACT-2569-01', 'club003', '2026-06-20 07:35:00'),
('076760305040-6', 'ACT-2569-01', 'club003', '2026-06-20 07:40:00'),
('076760305018-2', 'ACT-2569-01', 'club003', '2026-06-20 07:50:00');

-- ACT-2569-02 อบรม AI (5/6 เช็คอิน)
INSERT INTO check_in (Student_ID, Activity_ID, Club_ID, CheckIn_Time) VALUES
('076760305034-9', 'ACT-2569-02', 'club004', '2026-07-15 08:55:00'),
('076760305001-8', 'ACT-2569-02', 'club004', '2026-07-15 09:00:00'),
('076760305040-6', 'ACT-2569-02', 'club004', '2026-07-15 09:05:00'),
('076760305012-5', 'ACT-2569-02', 'club004', '2026-07-15 09:10:00'),
('076760305011-7', 'ACT-2569-02', 'club004', '2026-07-15 09:15:00');

-- ACT-2569-03 วิ่งมินิมาราธอน (3/4 เช็คอิน)
INSERT INTO check_in (Student_ID, Activity_ID, Club_ID, CheckIn_Time) VALUES
('076760305034-9', 'ACT-2569-03', 'club001', '2026-08-17 05:25:00'),
('076760305001-8', 'ACT-2569-03', 'club001', '2026-08-17 05:28:00'),
('076760305018-2', 'ACT-2569-03', 'club001', '2026-08-17 05:30:00');

-- ACT-2569-04 สงกรานต์สืบสานวัฒนธรรมไทย (5/6 เช็คอิน)
INSERT INTO check_in (Student_ID, Activity_ID, Club_ID, CheckIn_Time) VALUES
('076760305034-9', 'ACT-2569-04', 'club002', '2026-04-10 08:55:00'),
('076760305001-8', 'ACT-2569-04', 'club002', '2026-04-10 09:00:00'),
('076760305040-6', 'ACT-2569-04', 'club002', '2026-04-10 09:05:00'),
('076760305012-5', 'ACT-2569-04', 'club002', '2026-04-10 09:10:00'),
('076760305018-2', 'ACT-2569-04', 'club002', '2026-04-10 09:20:00');

-- ACT-2569-05 เข้าวัดทำบุญตักบาตร (2/3 เช็คอิน)
INSERT INTO check_in (Student_ID, Activity_ID, Club_ID, CheckIn_Time) VALUES
('076760305001-8', 'ACT-2569-05', 'club003', '2026-05-08 06:25:00'),
('076760305018-2', 'ACT-2569-05', 'club003', '2026-05-08 06:30:00');

-- ACT-2569-06 อาสาสอนน้องในชุมชน (3/4 เช็คอิน)
INSERT INTO check_in (Student_ID, Activity_ID, Club_ID, CheckIn_Time) VALUES
('076760305034-9', 'ACT-2569-06', 'club004', '2026-09-05 08:55:00'),
('076760305040-6', 'ACT-2569-06', 'club004', '2026-09-05 09:00:00'),
('076760305018-2', 'ACT-2569-06', 'club004', '2026-09-05 09:10:00');

-- ACT-2569-07 อบรม Excel & Power BI (4/5 เช็คอิน)
INSERT INTO check_in (Student_ID, Activity_ID, Club_ID, CheckIn_Time) VALUES
('076760305034-9', 'ACT-2569-07', 'club001', '2026-10-22 08:50:00'),
('076760305001-8', 'ACT-2569-07', 'club001', '2026-10-22 09:00:00'),
('076760305040-6', 'ACT-2569-07', 'club001', '2026-10-22 09:05:00'),
('076760305012-5', 'ACT-2569-07', 'club001', '2026-10-22 09:15:00');

-- ACT-2569-08 แข่งขัน E-Sport (4/5 เช็คอิน)
INSERT INTO check_in (Student_ID, Activity_ID, Club_ID, CheckIn_Time) VALUES
('076760305034-9', 'ACT-2569-08', 'club002', '2026-11-15 11:55:00'),
('076760305001-8', 'ACT-2569-08', 'club002', '2026-11-15 12:00:00'),
('076760305040-6', 'ACT-2569-08', 'club002', '2026-11-15 12:05:00'),
('076760305018-2', 'ACT-2569-08', 'club002', '2026-11-15 12:10:00');

-- ACT-2569-09 ถวายเทียนพรรษา (3/4 เช็คอิน)
INSERT INTO check_in (Student_ID, Activity_ID, Club_ID, CheckIn_Time) VALUES
('076760305034-9', 'ACT-2569-09', 'club003', '2026-07-10 06:55:00'),
('076760305040-6', 'ACT-2569-09', 'club003', '2026-07-10 07:00:00'),
('076760305012-5', 'ACT-2569-09', 'club003', '2026-07-10 07:05:00');

-- ACT-2569-10 บริจาคโลหิต 1/2569 (2/3 เช็คอิน)
INSERT INTO check_in (Student_ID, Activity_ID, Club_ID, CheckIn_Time) VALUES
('076760305001-8', 'ACT-2569-10', 'club004', '2026-12-05 09:00:00'),
('076760305018-2', 'ACT-2569-10', 'club004', '2026-12-05 09:15:00');

-- =============================================
-- สรุป
-- =============================================
-- กิจกรรม 2568: 10 รายการ (7 approved, 1 pending, 1 rejected, 1 rejected->แก้เป็น approved ด้านบน)
-- กิจกรรม 2569: 10 รายการ (7 approved, 2 pending, 1 rejected)
-- ลงทะเบียนรวม: ~90 รายการ (เฉลี่ย 4.5 คนต่อกิจกรรม)
-- เช็คอินรวม: ~66 รายการ (เฉลี่ย ~73% ของผู้ลงทะเบียน)
-- หัวหน้ากิจ: กระจาย head001(7), head002(6), head003(7)
-- ประเภท: กระจายทั้ง 5 ประเภท
-- สโมสรสแกน: กระจาย club001-004
